group,Independent contractors,Temp workers,Contract workers
Black women,9.929078014184398,18.439716312056735,7.801418439716312
White men,14.746543778801843,11.52073732718894,17.050691244239633
