group,pension_yes,parttime_yes,health_yes
BW,20.56737588652482,44.680851063829785,27.659574468085108
WM,9.67741935483871,7.373271889400922,19.35483870967742
